category,deal,site,code,valid_until,link_label,url,updated_at
Hotel deal,"Richmond Hotel Namba Daikokucho, Osaka: 55% off, S$72 per night for 2 (4 Nov 2026)",Agoda,,,See hotel,https://catavel.com/hotel-deals/?utm_source=etsy&utm_medium=planner&utm_campaign=japan_planner,5 Oct 2026
Hotel deal,"HOTEL GRAPHY SHIBUYA, Tokyo: 30% off, S$182 per night for 2 (4 Nov 2026)",Agoda,,,See hotel,https://catavel.com/hotel-deals/?utm_source=etsy&utm_medium=planner&utm_campaign=japan_planner,5 Oct 2026
Hotel deal,"Hotel Intergate Osaka Umeda, Osaka: 28% off, S$146 per night for 2 (4 Nov 2026)",Agoda,,,See hotel,https://catavel.com/hotel-deals/?utm_source=etsy&utm_medium=planner&utm_campaign=japan_planner,5 Oct 2026
Hotels,New User Welcome Up To 20% Off Hotels,Trip.com,,31 Dec 2026,See deal,https://catavel.com/trip-com-promo-codes/?utm_source=etsy&utm_medium=planner&utm_campaign=japan_planner,5 Oct 2026
Hotels,Up To 8% Off Hotels,Agoda,AGODADEAL8,31 Dec 2026,Get code,https://catavel.com/agoda-promo-codes/?reveal=AGODADEAL8&utm_source=etsy&utm_medium=planner&utm_campaign=japan_planner,5 Oct 2026
Hotels,App 10% Off First Booking,Agoda,,31 Dec 2026,See deal,https://catavel.com/agoda-promo-codes/?utm_source=etsy&utm_medium=planner&utm_campaign=japan_planner,5 Oct 2026
Hotels,Eco Deals 15% Off Green Hotels,Agoda,,31 Dec 2026,See deal,https://catavel.com/agoda-promo-codes/?utm_source=etsy&utm_medium=planner&utm_campaign=japan_planner,5 Oct 2026
Hotels,Welcome Back Global Up To 30% Off,Agoda,,31 Dec 2026,See deal,https://catavel.com/agoda-promo-codes/?utm_source=etsy&utm_medium=planner&utm_campaign=japan_planner,5 Oct 2026
Hotels,Save on your 1st hotel booking on the app,Klook,HOTELONAPP,Ongoing,Get code,https://catavel.com/klook-promo-codes/?reveal=HOTELONAPP&utm_source=etsy&utm_medium=planner&utm_campaign=japan_planner,5 Oct 2026
Transport,Japan Bus Tickets 5% off,Klook,BUSLAUNCH5,31 Oct 2026,Get code,https://catavel.com/klook-promo-codes/?reveal=BUSLAUNCH5&utm_source=etsy&utm_medium=planner&utm_campaign=japan_planner,5 Oct 2026
Transport,Japan Bus Tickets 10% off,Klook,BUSLAUNCH10,31 Oct 2026,Get code,https://catavel.com/klook-promo-codes/?reveal=BUSLAUNCH10&utm_source=etsy&utm_medium=planner&utm_campaign=japan_planner,5 Oct 2026
Transport,JR Takayama-Hokuriku Area Tourist Pass 2800JPY OFF,Klook,TAKAYAMA2800,31 Mar 2027,Get code,https://catavel.com/klook-promo-codes/?reveal=TAKAYAMA2800&utm_source=etsy&utm_medium=planner&utm_campaign=japan_planner,5 Oct 2026
Transport,Huis Ten Bosch Ticket + JR Kyushu Round Trip Ticket 5% off,Klook,JRBUSAN26,31 Mar 2027,Get code,https://catavel.com/klook-promo-codes/?reveal=JRBUSAN26&utm_source=etsy&utm_medium=planner&utm_campaign=japan_planner,5 Oct 2026
